{"cameraMode":{"drawMode":0,"name":"Shaded","section":"Shading Mode"},"sceneLighting":false,"audioPlay":false,"sceneViewState":{"showFog":true,"showMaterialUpdate":false,"showSkybox":false,"showFlares":true,"showImageEffects":true,"showParticleSystems":true},"in2DMode":false,"pivot":{"x":0.02707958221435547,"y":-0.4895409345626831,"z":-3.5762786865234377e-7},"rotation":{"x":0.17889489233493806,"y":-0.3802935481071472,"z":0.07523481547832489,"w":0.9042750000953674},"size":12.878583908081055,"orthographic":false}