{"cameraMode":{"drawMode":0,"name":"Shaded","section":"Shading Mode"},"sceneLighting":false,"audioPlay":false,"sceneViewState":{"showFog":true,"showMaterialUpdate":false,"showSkybox":false,"showFlares":true,"showImageEffects":true,"showParticleSystems":true},"in2DMode":false,"pivot":{"x":26.75,"y":0.4000000059604645,"z":-56.18000030517578},"rotation":{"x":0.32450491189956667,"y":-0.22594794631004334,"z":0.08013342320919037,"w":0.9149987697601318},"size":0.5715746283531189,"orthographic":false}